{
  "repoSenseVersion": "v1.11",
  "reportGeneratedTime": "Thu Jun 4 13:17:49 2020 UTC",
  "reportGenerationTime": " 3.27 second(s)",
  "repos": [],
  "errorList": [
    {
      "repoName": "reposense/RepoSense[master]",
      "errorMessage": "Failed to clone from https://github.com/reposense/RepoSense.git"
    },
    {
      "repoName": "se-edu/collate[master]",
      "errorMessage": "Failed to clone from https://github.com/se-edu/collate.git"
    }
  ],
  "sinceDate": "2017-10-21",
  "untilDate": "2019-11-21",
  "isSinceDateProvided": true,
  "isUntilDateProvided": true
}
